path	size_bytes	sha256	type
etc/NOTICE.xml.gz	36741	4d20e6bb8d94b67cb54bb10ead0f4d7179343afc292707cc2eb0fabbb8a60c3b	gzip
etc/aac_richtap.config	81940	964f17ed6d5f6cbcd694b5b8005939e417c09cdceb986a08f8483d28565b162b	binary
etc/build.prop	1109	4581dd10acfe552c308deb020dc3846f82fb7ed464b829f1bd288364d29f7e96	text
etc/fs_config_dirs	0	e3b0c44298fc1c149afbf4c8996fb92427ae41e4649b934ca495991b7852b855	text
etc/fs_config_files	0	e3b0c44298fc1c149afbf4c8996fb92427ae41e4649b934ca495991b7852b855	text
etc/group	0	e3b0c44298fc1c149afbf4c8996fb92427ae41e4649b934ca495991b7852b855	text
etc/passwd	0	e3b0c44298fc1c149afbf4c8996fb92427ae41e4649b934ca495991b7852b855	text
etc/selinux/precompiled_sepolicy	1567069	a92281a45b948ac33b7b6f84162eddaf96b93e5842053c08dcc651859fcf5eb8	binary
etc/selinux/precompiled_sepolicy.plat_sepolicy_and_mapping.sha256	65	67fd6bba7975721b0d8177f7d60e135b8121e183f2a8c1053a03f4fc9aec8a87	text
etc/selinux/precompiled_sepolicy.product_sepolicy_and_mapping.sha256	65	bcd6c2ad109815b81522444a078faa1bd4b23a52f164db9a1de6159d6a06f981	text
etc/selinux/precompiled_sepolicy.system_ext_sepolicy_and_mapping.sha256	65	51116535acd5cb8f9129a928bd1c5c3479f6cc4edd174b328115eac9ce2979a8	text
etc/ueventd.rc	5172	1451f1ae85a9418e2ac6ba58e3272c8df0506a81f71db5f90f93261a67a0724a	text
etc/vintf/manifest.xml	940	c83a19fec556373355f4ff5f1af936ab9a11d5cf817e34e138e67a405678daa9	text
